<application>
  <component name="Trusted.Paths">
    <option name="TRUSTED_PROJECT_PATHS">
      <map>
        <entry key="$USER_HOME$/DataGripProjects/study2025" value="true" />
        <entry key="$USER_HOME$/IdeaProjects/DorisStudy" value="true" />
        <entry key="$USER_HOME$/IdeaProjects/demo" value="true" />
        <entry key="$USER_HOME$/IdeaProjects/docker-doris" value="true" />
        <entry key="$USER_HOME$/IdeaProjects/docker-doris/insert_data" value="true" />
        <entry key="$USER_HOME$/IdeaProjects/docker-doris/insert_mock_data" value="true" />
        <entry key="$USER_HOME$/IdeaProjects/docker-doris/untitled" value="true" />
        <entry key="$USER_HOME$/IdeaProjects/state-machine" value="true" />
        <entry key="$USER_HOME$/IdeaProjects/work_log" value="true" />
      </map>
    </option>
  </component>
  <component name="Trusted.Paths.Settings">
    <option name="TRUSTED_PATHS">
      <list>
        <option value="$USER_HOME$/IdeaProjects" />
      </list>
    </option>
  </component>
</application>