<application>
  <component name="DimensionService">
    <location key="find.popup.0.0.2048.1280" x="651" y="440" />
    <size key="GridCell.Tab.0.left.0.0.2048.1280" width="1266" height="316" />
    <size key="GridCell.Tab.0.center.0.0.2048.1280" width="1266" height="316" />
    <size key="GridCell.Tab.0.right.0.0.2048.1280" width="1266" height="316" />
    <size key="GridCell.Tab.0.bottom.0.0.2048.1280" width="1266" height="316" />
    <size key="find.popup.0.0.2048.1280" width="651" height="542" />
    <size key="GridCell.Tab.1.left.0.0.2048.1280" width="1716" height="316" />
    <size key="GridCell.Tab.1.center.0.0.2048.1280" width="1716" height="316" />
    <size key="GridCell.Tab.1.right.0.0.2048.1280" width="1716" height="316" />
    <size key="GridCell.Tab.1.bottom.0.0.2048.1280" width="1716" height="316" />
  </component>
  <component name="WindowManager">
    <frame x="324" y="130" width="1400" height="1000" />
  </component>
  <component name="WindowStateApplicationService">
    <state width="554" height="330" key="ShowUsagesActions.dimensionServiceKey" timestamp="1745141998356">
      <screen x="0" y="25" width="2048" height="1210" />
    </state>
    <state width="554" height="330" key="ShowUsagesActions.dimensionServiceKey/0.25.2048.1210" timestamp="1745141998356" />
    <state x="1024" y="536" width="800" height="650" key="WELCOME_SCREEN" timestamp="1743780423435">
      <screen x="0" y="25" width="2048" height="1210" />
    </state>
    <state x="1024" y="536" width="800" height="650" key="WELCOME_SCREEN/0.25.2048.1210" timestamp="1743780423435" />
  </component>
</application>